{"(1, 100)":0.0992618700111052,"(1, 1000)":0.10180464299628511,"(1, 10000)":0.17064413901243825,"(10, 10)":0.0948541940015275,"(10, 100)":0.09288668900262564,"(10, 1000)":0.10110992699628696,"(10, 10000)":0.17025365300651174,"(100, 1)":0.1807712250010809,"(100, 10)":0.1820292179909302,"(100, 100)":0.18740319700737018,"(100, 1000)":0.20621932699577883,"(100, 10000)":0.4552308889979031,"(1000, 1)":1.1203696970042074,"(1000, 10)":1.153519838990178,"(1000, 100)":1.2786872099968605,"(1000, 1000)":1.7177760189952096,"(1000, 10000)":8.809258373992634,"(10000, 1)":24.10911090800073,"(10000, 10)":25.307033000004594,"(10000, 100)":30.36939840800187,"(10000, 1000)":86.49352749199898,"(10000, 10000)":711.4028094949899}