{"(1, 10)":0.031419678998645395,"(1, 100)":0.019208433004678227,"(1, 1000)":0.016750845999922603,"(1, 10000)":0.018074082006933168,"(10, 1)":0.019588362993090414,"(10, 10)":0.02075787799549289,"(10, 100)":0.02055603000917472,"(10, 1000)":0.020581234013661742,"(10, 10000)":0.026029040993307717,"(100, 1)":0.0809645989938872,"(100, 10)":0.08198598099988885,"(100, 100)":0.0890047059947392,"(100, 1000)":0.08944862299540546,"(100, 10000)":0.15831827800138853,"(1000, 1)":0.8333749860030366,"(1000, 10)":0.891063139992184,"(1000, 100)":1.0193858209968312,"(1000, 1000)":1.3395730250049382,"(1000, 10000)":7.301609650006867,"(10000, 1)":21.531091373995878,"(10000, 10)":32.56320224000956,"(10000, 100)":41.968970834001084,"(10000, 1000)":98.00271691499802,"(10000, 10000)":670.9858292770077}